id,name,behave,belongTo,treatment,pharmacy
R1,肺家热症咳嗽,咳嗽、痰液色黄、痰液黏稠,冷经冷病,清热润肺，止咳化痰,"一方:萬嘎得里（百部）10g,萬冲岗（白花蛇舌草）10g,萬灰萬菲（蒲公英）15g,榜佳腔（金银花）15g,萬祖别芭（白花前胡）10g,潘豆乃（十大功劳）1躍,煎水内服。二方:萬丢（折耳根）15g,佳洛浏吉（矮地茶）10g,珍花休（瓜萎）10g,萬达赊芭（射干）10g,煎水内服。三方:潘豆莎（十大功劳）8g,珍佳俄董（麦冬）10g,萬祖别芭（前胡）10g,葛久碧幼（一朵云）10g,M相学（牛莠子）12g,煎水内服。"
R2,肺家寒毒咳嗽,咳嗽、痰多、痰液色白清稀,冷经冷病,疏风散寒，润肺止咳,"一方:萬梗比（鹅不食草）10g,豆珍佳（枇杷叶）10g,珍蟒（杏仁）8g,嘎欧低（苏叶）8g,煎水内服。二方:珍姜（木姜子）2g,科纳（制半夏）8g,萬庆玛（紫莞）10g,萬嘎得里（百部）8g,煎水内服。三方:嘎欧低（紫苏）8g,珍蟒（杏仁）6g,萬祖别芭（白花前胡）10g,额俗戈巴（桔梗）10g,苞姜给打（茯苓）10g,佳榜岗（苕叶细辛）6g,煎水内服。"
R3,肺家风鮮热毒咳嗽,咳嗽，痰液色黄、痰液黏稠，咽痛,热经热病,疏风散热，清热解毒，祛痰止咳,"一方:萬里料（石韦）30g,蜂蜜30g,煎水内服。二方:珍蟒（杏仁）10g,萬嘎得里（百部）10g,额给戈坝（桔梗）12g,萬祖别芭（白前）10g,萬久碧幼（一朵云）10g,煎水内服。三方:佳洛刘吉（矮地茶）15g,M首扎（岩白菜）15g,萬相学（牛莠子）10g,煎水内服。四方:萬丢（鱼腥草）15g,萬久碧幼（一朵云）15g,萬拿（刺桑）15g,煎水内服。"
R4,肺家痰湿寒毒咳嗽,咳嗽，痰多，痰液色白清稀,冷经冷病,祛痰止咳，解表散寒，除湿解毒,"一方:萬丢（鱼腥草）10g,佳格勒（紫背天葵）16g,萬榜学（酢酱草）血,葛梗比（鹅不食草）8g,煎水内服。二方:萬庆玛（山紫菟）12g,萬久碧幼（一朵云）8g,芍药（白芍）10g,萬勇更（鹿衔草）12g,葛嘎得里（百部）10g,额给戈巴（桔梗）10g,煎水内服。三方:萬勇更（鹿衔草）12g,萬久碧幼（一朵云）10g,M庆玛（假紫菟）12g,葛祖别芭（白前）12g,萬梗比（鹅不食草）8g,萬达赊巴（射干）奨,煎水内服。’"
R5,热经热毒咳嗽,咳嗽，痰中带血，喉痒，连声作呛,热经热病,疏散风热，宣肺止咳,"一方:豆萬岗（桑叶）15g,珍蟒（杏仁）10g,萬壳欧（薄荷）8g,豆萬播（地骨皮）12g,姜加莪董（麦冬）12g,煎水内服。二方:仰抵嘎（沙参）15g,芦根15g,萬相学（牛莠子）10g,珍陆（梔子）10g,葛庆玛（紫菟）10g,煎水内服。三方:葛首扎（岩白菜）15g,佳姜给（荆芥）8g,葛久碧幼（一朵云）15g,瓜篓12g,佳珍嘎佬苑（果上叶）15g,煎水内服。"
R6,冷病内损咳嗷,痰多，咳嗽，痰液粘稠,热经热病,活血化瘀，清肺止咳,"一方:萬嘎勒（蜘蛛香）12g,萬芮榴（鱼鳏串）15g,科辣（制半夏）10g,嘎欧低（紫苏）8g,煎水内服。二方:珍蟒（杏仁）12g,科辣（制半夏）10g,M比审（虎耳草）12g,萬庆玛（紫菟）12g,葛里略芭（小远志）10g,煎水内服。三方:苞姜给打（茯苓）12g,厚朴12g,嘎炯嘎令豆嘎收（铁筷子）10g,瓜篓12g,煎水内服。"
R7,冷经风来咳漱,咳嗽，气急，痰液白色清稀,冷经冷病,解表散寒，清肺止咳,"一方:麻黄10g,珍蟒（杏仁）12g,额给戈罢（桔梗）10g,萬祖别芭（前胡）15g,佳比利吉（八爪金龙）15g,陈皮10g,煎水内服。二方:科辣（制半夏）10g,牛毛毡18g,佳姜给（荆芥）12g,嘎欧低（苏叶）10g,煎水内服。三方:萬梗比（鹅不食草）12g,榜拉梯（枇杷叶）15g,佳嘎陇给（徐长卿）8g,布佳菲（阎王刺）15g,煎水内服。"
R8,热经风热咳嗽,"身热，头痛，咳嗽，咳声嘶哑,",热经热病,疏散风热，宣肺止咳,"一方:豆菖岗（桑叶）12g,榜萬芜（菊花）10g,M壳欧（薄荷）6g,葛祖别芭（前胡）10g,M相学（牛旁子）15g,煎水内服。二方:潘豆乃（十大功劳）15g,萬久碧幼（一朵云）15g,萬达赊巴（射干）8g,榜佳腔（忍冬藤）15g,豆野给（白马骨）15g,煎水内服。"
R9,冷痞风寒感胃,发烧，头痛，咳嗽，流清涕,冷经冷病,辛温解表，宣肺止咳,"一方:佳灰柯（头晕药）20g,嘎欧低（苏叶）15g,生姜15g,葱10g,煎水内服。二方:佳九留（四块瓦）10g,珍姜（木姜子）20g,萬疗（辣蓼）20g,珍蟒（杏仁）10g,萬祖别芭（前胡）10g,煎水内服。三方:黄荆条15g,布佳菲（阎王刺）10g,葛梗比（鹅不食草）15g,防风10g,煎水内服。"
R10,热经风热感冒,发烧、咳嗽、头痛,热经热病,清热润肺，清肺化痰,"一方:萬芮榴（鱼輙串）20g,嘎炯菲（葛根）15g,仰造里（水螟蚣）15g,萬壳欧（薄荷）15g,煎水内服。二方:佳劳给（马鞭草）15g,榜萬芜（野菊花）12g,萬相学（牛莠子）15g,萬吼嘎抖（贯众）15g,煎水内服。三方:豆葛岗（桑叶）15g,榜葛芜（野菊花）10g,潘豆乃（十大功劳）15g,萬久碧幼（一朵云）15g,煎水内服。"
R11,冷病寒喘,"喘息,咳嗽,痰白色，无汗",冷经冷病,宣肺平喘，温胃散寒,"一方:麻黄12g,科辣（制半夏）10g,陈皮12g,珍蟒（杏仁）12g,兔耳风15g,煎水内服。二方:麻黄12g,豆萬岗（桑白皮）15g,萬祖别芭（白前）10g,珍芭沟豆（银杏）12g,煎水内服。三方:榜拉梯（炙枇杷叶）15g,珍蟒（杏仁）12g,嘎欧低（紫苏）15g,萬达赊巴（射干）12g,煎水内服。"
R12,痰湿咳喘,喘咳，痰多色白，怕冷,冷经冷病,宣肺平喘，止咳平喘,"一方:陈皮12g,科辣（制半夏）12g,苞姜给打（茯苓）15g,嘎欧低（紫苏）10g,厚朴10g,煎水内服。二方:嘎欧低（紫苏）12g,白芥子12g,旋覆花10g,胆南星15g,萬里略芭（小远志）10g,煎水内服。三方:佳欧芜（党参）15g,苞姜给打（茯苓）15g,凯（干姜）10g,佳榜岗（细辛）8g,珍蟒（杏仁）12g,萬项嘎（鸡矢藤）15g,煎水内服。"
R13,气虚欢喘,喘促，咳嗽，喉中有鼾声,冷经冷病,宣肺平喘，补气养血,"一方:佳欧芜（党参）20g,姜加莪董（麦冬）15g,珍蟒（杏仁）12g,波嘎梯（百合）15g,珍梱（桃仁）20g,萬达赊巴（射干）10g,煎水内服。二方:嘎欧低（紫苏）12g,佳欧芜（党参）15g,萬庆玛（紫蒐）12g,苞姜给打（茯苓）15g,萬久碧幼（一朵云）15g,煎水内服。三方:豆葛播（地骨皮）12g,挂桂莪（白薇）10g,波嘎梯（百合）15g,M首扎（岩白菜）15g,娜丽（山药）15g,煎水内服。"
R14,热经风热咳血,"咳嗽,痰黄痰中夹血，色鲜红",热经热病,清热润肺，凉血止血,"一方:萬布罢娜（小蓟）15g,葛布罢确（大蓟）15g,M油欧（野油菜）15g,佳嘎吉给（仙鹤草）12g,萬嘎相（旱莲草）16g,煎水内服。二方:珍蟒（杏仁）10g,萬祖别芭（白前）12g，科纳（制半夏）10g,萬相学（牛莠子）10g,潘豆乃（十大功劳）15g,萬久碧幼（一朵云）15g,煎水内服。三方:佳嘎吉给（仙鹤草）15g,仰嘎姬（白茅根）15g,萬坝仰（夏枯草）15g,萬比赊溜（连钱草）18g,煎水内服。"
R15,热经热毒咳血,咳血，痰中带血或咳纯血,热经热病,清肺止咳，凉血止血,"一方:佳额酒（芦根）20g,榜佳腔（银花）10g,葛里略坝（连翘）8g,葛壳欧（薄荷）6g,额给戈芭（桔梗）8g,萬里略芭（小远志）8g,仰格陇给（竹叶）10g,煎水内服。二方:布幼打（三匹风）20g,葛久碧幼（一朵云）10g,萬布罢确（大蓟）12g,乌旧（白及）10g,佳嘎吉给（仙鹤草）10g,萬久欧（水三七）12g,煎水内服。三方:珍佳俄董（麦冬）12g,肝努净菸（岩豆工豆）10g,乌旧（白及）10g,佳珍嘎佬苑（果上叶）15g,文殊兰10g,煎水内服。"
R16,气亏虚劳,气短自汗，少气懒言，腰膝酸软,冷经冷病,补气养血，养阴益气,"一方:姬佳诺（阳雀花根）20g,豆萬岗（桑叶）20g,豆萬播（地骨皮）15g,鳖甲12g,煎水内服。二方:娜丽（山药）血,苞姜给打（茯苓）20g,珍陡（茵仁米）20g,芍药（白芍）15g,桂枝8g,煎水内服。三方:萬布套学（血人参）20g,佳欧芜（党参）20g,扁豆20g,桂枝6g,柴胡8g,煎水内服。"
R17,血亏虚夢,面色苍白，头晕，心慌,冷经冷病,补气养血，滋肝补肾,"一方:嘎炯芒桑（棉花根）20g,萬仰西（茜草）15g,萬布罢确（大蓟）18g,豆萬岗（桑甚）20g,煎水内服。二方:凯欧（黄精）20g,佳欧芜（党参）18g,嘎佬豆金（三枝茶）18g,娜丽（山药）20g,煎水内服。三方:地米参18g,萬朴翁（何首乌）20g,萬里略芭（小远志）10g,M芝15g,煎水内服。"
R18,胸痛,胸痛，胸闷,冷经冷病,理气，通络，镇痛,"一方:豆卡欧（吴萸）13g,雅佳莲（八角莲根）18g,捣成细未吞服。二方:嘎龚真宫幼（五香血藤）15g,仰松芭（香附）10g,豆姜给（苦楝）10g,豆卡欧（吴萸）6g,煎水内服。三方:萬山落（乌药）10g,仰松芭（香附）10g,豆卡欧（吴萸）6g,葛岗雅（蜘蛛香）15g,苞脚桑（地苦胆）6g,煎水内服。四方:佳嘎陇给（徐长卿）8g,豆卡欧（吴萸）6g,仰松芭（香附）10g,芍药（白芍）10g,煎水内服。"
R19,肺痈初起,胸闷，咳嗽，咳痰，发烧，面红,热经热病,清热解毒，活血化瘀，止咳,"一方:榜萬芜（野菊花）20g,潘豆乃（十大功劳）15g,萬相学（牛莠子）15g,萬祖别芭（白花前胡）15g,煎水内服。二方:榜佳腔（金银花）15g,豆比吼哈羌（三颗针）1源,豆野给（白马骨）2脆,萬久碧幼（一朵云）10g,煎水内服。三方:潘豆乃（十大功劳）20g,额给戈罢（桔梗）15g,珍桐（桃仁）15g,萬壳欧（薄荷）10g,萬丢（鱼腥草）30g,煎水内服。"
R20,肺痈、肺肿,胸痛、咳痰，腥臭，黄绿色，出汗,热经热病,清热解毒，行瘀消肿,"一方:萬丢（鱼腥草）30g,红藤15g,珍桐（桃仁）15g,佳萬遍尖脑（半枝莲）15g,煎水内服。二方:榜萬就（律草花）20g,萬坝仰（夏枯草）20g,珍陡（茵仁米）20g,佳美勒（败酱草）15g,葛灰萬菲（蒲公英）30g,兔耳风15g,煎水内服。三方:豆野给（白马骨）20g,萬灰卡娜（紫花地丁）30g,珍蟒（杏仁）12g,榜萬芜（野菊花）20g,佳兴松（白毛夏枯草）30g,煎水内服。"
R21,肺痈成脓,"咳吐脓痰,或痰血，胸痛，盗汗",热经热病,排脓解毒，清热止咳,"一方:萬布罢确（大蓟）20g,萬布罢娜（小蓟）20g,珍陡（茂仁米）30g,萬灰卡娜（紫花地丁）20g,嘎龚布梭学嘎八（见血飞）15g,煎水内服。二方:榜佳腔（金银花）30g,萬欧吾（千里光）30g,瓜萎20g,佳美勒（败酱草）20g,嘎炯令豆得（水冬瓜根皮）20g,煎水内服。三方:阿梅棍（苦芥头）20g,潘豆乃（十大功劳）20g,萬娜（养菜）20g,萬比赊幼（马蹄金）15g,萬灰秋（土大黄）15g,豆萬岗（桑白皮）15g,煎水内服。"
R22,热经胃痛,胸口辣痛，反酸,热经热病,清热和胃，消食化积,"一方:鸡蛋壳100个，烘干为末，二方:青藤香15g,隔山消30g,煎水内服。三方:糯独佳开都（水黄连）10g,豆卡欧（吴萸）18g,煎水内服。四方:豆比吼哈羌（三颗针）10g,佳嘎陇给（徐长卿）20g,乌旧（白及）20g,仰松芭（香附）15g,穿心莲15g,煎水内服。"
R23,冷经胃痛,胸口疼痛吐清水，进食后疼痛缓解,冷经冷病,健脾和胃，消食化积,"一方:萬嘎勒（蜘蛛香）20g,仰松芭（香附）10g,萬山落（乌药）15g,煎水内服。二方:黄苗20g,桂枝10g,良姜10g,煎水内服。三方:珍姜（木姜子）20g,豆卡欧（吴萸）10g,珍豆蟒（路路通）15g,煎水内服。"
R24,大肠热疾,腹痛剧烈，呕吐，腹胀,热经热病,疏肝行气，清热利湿，止痛,"一方:仰抵嘎（沙参）20g,娜丽（山药）15g,葛哈收（委陵菜）20g,阿梅棍（苦养头）20g,葛卧俄（地榆）15g,煎水内服。二方:佳嘎陇给（徐长卿）15g,潘豆乃（十大功劳）15g,佳保耶（石菖蒲）10g,葛嘎勒（蜘蛛香）12g,煎水内服。三方:豆卡欧（吴萸）5g,豆比吼哈羌（三颗针）12g,佳保耶（石菖蒲）10g,萬久欧（土三七）10g,佳萬姣米（蕾香）20g,煎水内服。"
R25,早期肠痛,右下肚肠疼痛，怕冷，恶心，呕吐,热经热病,清热解毒，消炎止痛,"一方:红花60g,萬灰萬菲（蒲公英）30g,豆卡欧（吴萸）10g,萬灰秋（土大黄）15g,珍桐（桃仁）15g,煎水内服。二方:佳美勒（败酱草）20g,珍陡（茂仁米）30g,萬灰卡娜（紫花地丁）50g,珍桐（桃仁）10g,煎水内服。三方:榜佳腔（金银花）20g,嘎炯令豆得（水冬瓜根皮）15g,萬灰秋（土太黄）20g,萬灰卡娜（紫花地丁）50g,萬乃略芭（一枝黄花）30g,煎水内服。"
R26,晩期肠痛,右下腹疼痛，皮肤隆起,冷经冷病,行气排毒，活血化瘀,"一方:嘎炯芒桑（棉花根）30g,佳欧芜（党参）30g,播整路（皂角刺）15g,萬灰萬菲（蒲公英）50g,佳美勒（败酱草）50g,煎水内服。二方:黄芷30g,红花20g,榜佳腔（金银花）20g,萬灰卡娜（紫花地丁）30g,煎水内服。三方:珍陡（茵仁米）50g,佳美勒（败酱草）30g,附子15g,佳欧芜（党参）20g,萬布套学（血人参）20g,煎水内服。"
R27,热经腹痛,腹部疼痛，恶食,热经热病,清热除湿，止痛,"一方:佳格勒（紫背天葵）12g,鲜品捣烂，开水吞服。二方:珍姜（木姜子）6g,苞脚桑（地苦胆）6g,葛项嘎（鸡矢藤）12g,嘎龚珍宫幼（五香血藤）10g,隔山消10g,磨成细粉。三方:仰松芭（香附）10g,豆卡欧（吴萸）6g,嘎炯豆收（香樟根）10g,豆姜额（苦楝）10g,山乌龟12g,煎水内服。"
R28,冷经腹痛,肚腹疼痛，时痛时止,冷经冷病,散寒止痛,"一方:佳蒙枪（青木香）6g,嘎炯令潘闹（太子参）10g,良姜10g,葛冲岗（白花蛇舌草）12g,二方:珍莎（花椒）4g,佳欧芜（党参）12g,M嘎勒（蜘蛛香）15g,桂枝10g,凯（干姜）10g,佳保耶（石菖蒲）12g,煎水内服。三方:葛嘎勒（蜘蛛香）12g,科纳（制半夏）10g,佳蒙枪（木香）6g,豆卡欧（吴萸）6g,仰松芭（香附）10g,陈皮8g,煎水内服。"
R29,热经腹泻,泻泄，肠鸣，腹痛欲解，解后痛减,热经热病,清热利湿，收敛止泻,"一方:萬米仰（马齿苑）15g,嘎炯菲（葛根）50g,葛哈收（委陵菜）10g,芍药（白芍）12g,煎水内服。二方:珍布渴（刺梨根）50g,煎水内服。三方:阿龚豆榴（石榴皮）10g,凯（干姜）10g,红糖50g,煎水内服。"
R30,冷经腹泻,大便次数增多，便清稀，肠鸣即泻，泻后则安,冷经冷病,补益止泻,"一方:大蒜10g,白酒5ml,白糖20g,捣烂吞服。二方:厚朴10g,苞姜给打（茯苓）20g,佳欧芜（党参）30g,粟壳10g,煎水内服。三方:萬勇哥（骚羊古）20g,阿梅棍（苦养头）20g,芍药（白芍），珍访象（山楂）15g,嘎腔赶芒（麦芽）15g,煎水内服。"
R31,冷经俗象,食后4小时以上反胃，吐出未化食物及清水，吐后舒适,冷经冷病,消食化积，温胃散寒，健脾补中,"一方:萬嘎勒（蜘蛛香）15g,佳保耶（石菖蒲）10g,佳嘎陇给（徐长卿）12g,凯（干姜）8g,陈皮10g,煎水内服。二方:糯独佳开都（水黄连）8g,豆卡欧（吴萸）12g,陈皮10g,科辣（制半夏）12g,生姜10g,佛花（水葵花）10g,煎水内服。三方:珍姜（木姜子）10g,珍豆蟒（路路通）15g,豆写棒（厚朴）10g,萬勇哥（骚羊古）15g,萬里略芭（小远志）10g,竹茹12g,煎水内服。"
R32,热经俗象,腹胀，反胃，口吐清水,热经热病,消食化滞，理气和胃，养心安神,"一方:三棱10g,莪术10g,小种三七15g,佳莪罢（七叶莲）20g,达柯芍（赤芍）10g,煎水内服。二方:姬佳诺（阳雀花）20g,娜丽（山药）12g,科辣（制半夏）10g,穿心莲15g,煎水内服。三方:岗馒蚱（土鳖虫）12g,萬巴象（糯米团）20g,佳欧芜（党参）20g,娜丽（山药）20g,煎水内服。"
R33,热病呕吐,恶心呕吐，腹部疼痛,热经热病,和胃，止呕,"一方:生姜汁20g,黄连10g,磨水冲服。二方:科辣（制半夏）15g,生姜15g,煎水内服。三方:萬嘎勒（蜘蛛香）15g,阿梅棍（苦养头）15g,萬项嘎（鸡矢藤）15g,煎水内服。"
R34,冷痔呕吐,进食即吐，或食之也难以消化,冷经冷病,益气降逆，止呕,"一方:萬阿苯（土人参）20g,姜加莪董（麦冬）15g,科辣（制半夏）15g,凯（干姜）10g,煎水内服。二方:榜拉梯（枇杷叶）15g,竹茹10g,Bl（干姜）10g,煎水内服。三方:陈皮皿,科辣（制半夏）10g,萬疗（辣蓼）血,豆比吼哈羌（三颗针）12g,萬里略芭（小远志）10g,煎水内服。"
R35,热经煜热吐血,吐血，腹胀，腹痛，大便黑色,热经热病,清胃泻火，凉血止血,"一方:生石膏30g,葛灰秋（土大黄）20g,煎水内服。二方:朗访幼（石斛）15g,萬久欧（土三七）10g,潘豆乃（十大功劳）15g,煎水内服。三方:萬布罢确（大蓟）20g,萬仰西（茜草）15g,乌旧（白及）20g,萬久欧（土三七）20g,煎水内服。"
R36,热经热毒吐血,上腹闷胀，疼痛，吐血，口苦，心烦,热经热病,清热和胃，清肝泻火，止血,"一方:佳架山（龙胆草）20g,珍陆（梔子）15g,嘎佬豆金（山枝茶）12g,萬布罢确（大蓟）2g,煎水内服。二方:萬坝仰（夏枯草）20g,嘎龚布梭学嘎八（见血飞）15g,萬里略芭（小远志）10g,卷柏15g,煎水内服。三方:仰蜡烛（蒲黄）20g,嘎龚布梭学嘎八（见血飞）15g,豆嘎先（紫珠草）20g,波嘎梯（百合）20g,煎水内服。"
R37,热经吐酸水,口吐酸水,热经热病,疏肝和胃，消食化积,"一方:糯独佳开都（水黄连）6g,佳架山（龙胆草）15g,竹茹10g,珍陆（梔子）6g,姜加莪董（麦冬）15g,煎水内服。二方:佳嘎陇给（徐长卿）15g,佳保耶（石菖蒲）8g,隔山消15g,凯（干姜）8g,萬嘎勒（蜘蛛香）15g,煎水内服。三方:香樟根10g,佳欧芜（党参）15g,豆阿潘（铁扫帚）12g,闹格（玉竹）12g,佳蒙枪（青木香）10g,煎水内服。"
R38,冷病吐酸水,腹胀，口吐酸水,冷经冷病,温胃散寒，健脾和胃,"一方:凯（干姜）10g,厚朴10g,萬嘎勒（蜘蛛香）15g,肉桂5g,煎水内服。二方:佳欧芜（党参）15g,苞姜给打（茯苓）12g,佳蒙枪（木香）10g,嘎龚真宫幼（五香血藤）12g,阿梅棍（苦养头）15g,煎水内服。"
R39,热经打隔,不停打嗝，声音洪亮,热经热病,清热，顺气降逆,"一方:豆比吼哈羌（三颗针）15g,生姜10g,煎水内服。二方:生石膏30g,朗访幼（石斛）10g,竹茹煎水内服。三方:鸡内金6g,隔山消10g,加盐研末，取少许开水送下。"
R40,冷经打隔,打嗝不停，声音较为缓和,冷经冷病,温中养胃，降逆,"一方:岗哄耐（九香虫）10g,萬嘎勒（蜘蛛香）12g,姬佳诺（阳雀花）10g,苞姜给打（茯苓）12g,豆写棒（厚朴）,煎水内服。二方:萬嘎勒（蜘蛛香）1源,香樟6g,生姜10g,煎水内服。三方:柿蒂20g,刀豆壳10g,隔山消10g,煎水内服。"
R41,冷经便血,便血，或大便色黑，肚腹隐痛,冷经冷病,祛寒温中，健脾和胃,"一方:泡参20g,佳嘎陇给（徐长卿）15g,加嘎吉给（仙鹤草）20g,芮加扫象（九龙盘）15g,煎水内服。二方:姬佳诺（阳雀花）20g,萬卧俄（地榆）15g,娜丽（山药）20g,佳欧芜（党参）20g,嘎龚布梭学嘎八（见血飞）12g,煎水内服。三方:佳欧芜（党参）20g,娜丽（山药）15g,槐花15g,萬卧俄（地榆）15g,苞姜给打（茯苓）20g,煎水内服。"
R42,热经便血,便血，血色不鲜或紫黑色,热经热病,清热利湿，凉血止血,"一方:豆比吼哈羌（三颗针）15g,豆嘎里访（黄柏）15g,三七20g,煎水内服。二方:佳姜给（荆芥穗）20g,苞姜给打（茯苓）20g,珍陆（梔子）15g,达柯芍（赤芍）15g,煎水内服。三方:萬仰西（茜草）20g,萬溜妮（地苍）15g,朗萬跃（蚊母草）15g,臭牡丹20g,嘎龙布梭学嘎八（见血飞）15g,煎水内服。"
R43,热经便秘,腹胀痛，大便排出不尽或排便困难,热经热病,"清热,理气，通便","一方:萬灰秋（大黄粉）5g,达柯芍（赤芍）15g,煎水内服。二方:珍瓢嘎享额（郁李仁）15g,潘豆乃（十大功劳）20g,佳珍嘎佬苑（果上叶）20g,煎水内服。三方:窝达尚（莺尾）3g,珍佳俄董（麦冬）10g,珍佳俄确（天冬）10g,珍桐（桃仁）15g,煎水内服。"
R44,冷经气血两亏便秘,大便干结，虽有便意，但排便困难,冷经冷病,养血，温气补中，通便,"一方:董岗哇（蜂蜜）30g,麻油15g,鸡蛋1个，冲蛋内服。二方:珍萬嘎（火麻仁）20g,煎水内服。三方:董岗哇（蜂蜜），珍桐（桃仁）适量，桃仁捣烂加蜂蜜冲服。"
R45,热经黄疸,皮肤、眼珠、小便发黄,热经热病,清热利湿，退黄,"一方:萬勇哥（骚羊古）15g,萬鼾（茵陈）10g,佳架山（龙胆草）8g,珍绿（梔子）10g,萬拿（刺桑）10g,萬灰秋（大黄）10g,煎水内服。二方:萬油欧（野油菜）20g,珍绿（梔子）10g,萬鼾（茵陈）15g,萬灰秋（土大黄）15g,M里八降（车前草）15g,M比赊幼（金钱草）15g,煎水内服。"
R46,冷经簧疸,全身及眼珠发黄，肚腹胀痛,冷经冷病,利湿和胃，退黄,"一方:珍姜（牛筋树）15g,M勇哥（骚羊古）12g,煎水加蜂蜜内服。二方:豆伦累（钓鱼杆）1颱,芍药（白芍）8g,豆萬播（地骨皮）血,佳加嘎收（阴行草）10g,嘎炯珍皆梦（拂猴桃根）20g,萬它信（冬葵子）10g,煎水内服。三方:仰德着（地耳草）10g,芍药（白芍）奨,佳珍嘎佬苑（果上叶）20g,萬勇哥（骚羊古）12g,珍发秋（木瓜）6g,葛鼾（茵陈）10g,煎水内服。"
R47,热经水朦病,肚大青筋显露，下肢水肿,热经热病,行气化瘀，利水,"一方:葛比赊溜（连钱草）20g,葛里八降（车前草）15g,仰嘎姬（白茅根）20g,萬里料（石韦）12g,田基黄12g,黑丑10g,白丑10g，煎水内服。二方:萬比甘（商陆）10g,萬达赊（鸭屁股）2g,珍姜（木姜子）8g,嘎炯令潘闹（太子参）15g,煎水内服。三方:搜档索（四季红）16g,红枣20g,W里八降（车前草）15g,佳腔（海金沙）15g,黑丑10g,白丑10g,姬佳诺（阳雀花）20g,煎水内服。"
R48,冷经水朦病,肚大青筋，不能平卧,冷经冷病,攻下利水,"一方:佳加嘎收（阴行草）30g,豆野给（六月雪）30g,丹参30g,煎水内服。二方:佳劳给（马鞭草）30g,萬迷沙又（半边莲）30g,豆萬纳（穿破石）30g,煎水内服。三方:仰抵嘎（杏叶沙参）50g,萬里略（连翘）20g,珍瓢嘎享额（郁李仁）20g，煎水内服。"
R49,冷经气虚痛肾,全身浮肿，肚大腹水，气短无力,冷经冷病,补气养血，利水消肿,"一方:桂枝5g,苞姜给打（茯苓）10g,嘎炯芒桑（棉花根）12g,萬里八降（车前草）10g,煎水内服。二方:姬佳诺（阳雀花）20g,桂枝6g,豆阿潘（铁扫帚）20g,凯（干姜）10g,附片10g,煎水内服。三方:佳俄滞（淫羊蕾）8g,嘎罢嗟姜（菟丝子）10g,黑丑10g,白丑10g,头郎（刀豆子）8g,佳欧芜（党参）10g,煎水内服。"
R50,热经风热痛肾,腰痛眼皮水肿，发烧，怕风,热经热病,疏风解表，利水消肿,"一方:麻黄4g,桂枝3g,团经药20g,珍蟒（杏仁）6g,萬相学（牛莠子）8g,煎水内服。二方:榜佳腔（金银花）奖,葛壳欧（薄荷）5g,莒祖别芭（白花前胡）15g,蝉衣5g,佳姜给（荆芥）5g,煎水内服。三方:板蓝根8g,佳比利吉（八爪金龙）8g,豆萬岗（桑白皮）15g,珍蟒（杏仁）5g,麻黄3g,煎水内服。"
R51,热经湿热痛肾,"腰痛，全身水肿,下肢皮肤发亮，肚腹胀闷",热经热病,清热利湿，通利小便,"一方:潘豆乃（十大功劳）8g,榜佳腔（金银花）8g,野蔷薇果20g,榜萬芜（菊花）5g，佳格勒（天葵子）5g,煎水内服。二方:萬鼾（茵陈）8g,佳萬姣米（蕾香）7g,桃花10g,厚朴5g,萬里八降（车前草）6g,煎水内服。三方:萬佳嘎强溜（篇蓄）6g,豆嘎里访（黄柏）6g,萬比赊幼（金钱草）8g,葛灰秋（土大黄）4g,煎水内服。"
R52,热经尿路瘪痛,"小便疼痛,次数多,尿急",热经热病,清热利湿，消炎止痛,"一方:葛佳嘎强确（篇蓄）15g,萬里八降（车前草）15g,萬榜肖妖（生扯拢）20g,嘎溜给丢（玉米须）20g,煎水内服。二方:萬鼾嘎玛（凤尾草）15g,仰嘎姬（白茅根）20g,佳腔（海金沙）20g,加嘎吉给（仙鹤草）15g,萬里八降（车前草）20g,煎水内服。三方:榜瓦格（鸡冠花）15g,豆嘎里访（黄柏）10g,萬里料（石韦）15g,萬嘎里（旱莲草）10g,潘豆乃（十大功劳）15g,萬布罢确（大蓟）10g,煎水内服。"
R53,冷经尿路疼痛,小便次数多，尿急，腰酸腹胀,冷经冷病,滋肝补肾，行气止痛,"一方:佳欧芜（党参）15g,苞姜给打（茯苓）20g,娜丽（山药）15g,煎水内服。二方:萬嘎勒（蜘蛛香）1麾,珍布仰（金樱子）20g,M比赊溜（大马蹄草）15g,凯欧（黄精）20g,煎水内服。"
R54,热经尿血,尿中有血，小便时热辣刺痛,热经热病,清热降火，凉血止血,"一方:萬布罢又（小蓟）20g,仰蜡鸠（蒲黄）18g,珍陆（梔子）15g,萬里八降（车前草）20g,煎水内服。二方:珍桐（桃仁）15g,达柯芍（赤芍）15g,搜档索（一点红）20g,天胡荽30g,仰蜡烛（蒲黄）20g,煎水内服。三方:机衣（女贞子）15g,萬嘎里（旱莲草）15g,豆比吼哈羌（三颗针）10g,仰格陇给（竹叶）20g,煎水内服。"
R55,冷经尿血,尿中带血，排尿次数多,冷经冷病,补虚固涩,"一方:姬佳诺（阳雀花根）20g,凯欧（黄精）20g,萬勇更（鹿衔草）15g,豆顿（杜仲）20g,煎水内服。二方:佳欧芜（党参）20g,珍布仰（金樱子）15g,萬佳嘎强溜（篇蓄）15g,娜丽（山药）15g,臭牡丹15g,煎水内服。三方:豆顿（杜仲）20g,凯欧（黄精）20g,萬朴翁（何首乌）20g,萬里八降（车前草）20g,煎水内服。"
R56,遗尿,梦中尿液自行排出,冷经冷病,补肾固涩,"一方:核桃仁50g,灵芝30g,珍布仰（金樱子）20g,煎水内服。二方:姬佳诺（阳雀花）20g,佳超幼（仙茅）10g,佳莪涛（淫羊歡）20g,煎水内服。三方:珍豆萬播（枸杞）20g,凯欧（黄精）20g,韭菜子15g,桑螺蜗15g,煎水内服。"
R57,热经小便困难,排尿困难，尿少，点滴不爽,热经热病,清热解毒，通利小便,"一方:萬里料（石韦）18g,萬里八降（车前草）20g,潘豆乃（十大功劳）15g,萬旱嘎玛（凤尾草）15g,煎水内服。二方:豆比吼哈羌（三颗针）15g,豆嘎里访（黄柏）18g,搜档索（一点红）20g,萬佳嘎强溜（篇蓄）15g,煎水内服。三方:vobbangshxub菖榜学（酸咪咪）20g,榜佳腔（金银花）20g,布幼打（三匹风）20g,仰嘎姬（白茅根）20g,萬坝仰（夏枯草）20g,煎水内服。"
R58,冷经小便国碓,无力排尿点点滴滴,冷经冷病,温中散寒，补肾，通利小便,"一方:佳俄淸（淫羊W）20g,萬强牛（续断）20g,凯欧（黄精）15g,酒桑咯咯列里（牛膝）15g,煎水内服。二方:萬它信（冬葵子）20g,韭菜子10g,W有加溜（狗脊）15g,附片15g,煎水内服。三方:益志仁15g,佳翁谬茧（万寿竹）20g,桑螺峭10g,煎水内服。"
R59,尿甜症,吃的多，饿得快,热经热病,清热止渴，清胃止渴,"一方:嘎炯菲（葛根）12g,珍宫幼（五味子）12g,朗访幼（石斛）10g,凉粉茶15g,煎水内服。二方:嘎龚令豆朴林（榴木）12g,嘎炯菲（葛根）15g,珍佳俄董（麦冬）10g,佳架山（龙胆草）10g,煎水内服。三方:生石膏50g,嘎炯菲（葛根）20g,潘豆乃（十大功劳）20g,煎水内服。"
R60,冷病水湿瘟疾,全身肌肉发紧、酸痛，怕冷，无汗，大便清稀,冷经冷病,清热除烦，利水渗湿,"一方:布佳菲（阎王刺）15g,佳萬姣米（蕾香）12g,厚朴10g,煎水内服。豆跃里（佩兰）15g,萬嘎勒（蜘蛛香）15g,狗肝菜15g,蓬白1颱，陈皮10g,珍陡（茵仁米）20g,煎水内服。仰格陇给（淡竹叶）15g,珍姜（木姜子）15g,崩大碗15g,嘎炯嘎令豆嘎收（铁筷子）1麾,佳萬姣米（蕾香）10g,煎水内服。"
R61,热病水湿瘟蒙,身热，食后发烧，尿少,热经热病,清热利湿，利水渗湿,"一方:珍蟒（杏仁）12g,萬祖别芭（前胡）10g,萬丢（折耳根）15g,嘎腔赶芒（麦芽）皿,萬米仰（马齿苑）20g,煎水内服。二方:萬拿（刺桑）血,阿梅棍（苦养头）15g,珍蟒（杏仁）10g,科辣（制半夏）10g,佳萬姣米（蕾香）10g,萬相学（牛莠子）15g,煎水内服。三方:桂枝10g,珍陡（苣仁米）15g,珍姜（木姜子）10g,布佳菲（阎王刺）15g,煎水内服。"
R62,热经水肿,两下肢水肿,热经热病,利湿行水,"一方:仰嘎姬（白茅根）20g,萬嘎相（旱莲草）10g,萬佳嘎强确（篇蓄）15g,萬里八降（车前草）10g,萬迷沙又（半边莲）10g,煎水内服。二方:蛙魔董（弥猴桃）20g,萬项嘎（鸡矢藤）15g,仰嘎姬（白茅根）15g,珍陡（茵仁米）20g,煎水去渣,用汁煮稀饭加蜂糖内服。三方:萬里八降（车前草）15g,仰嘎姬（白茅根）20g,M佳嘎强确（篇蓄）12g,佳腔（海金沙）12g,佳劳给（马鞭草）12g,萬里料（石韦）15g,煎水内服。"
R63,冷病气血两虚水肿,腰腹酸重，水肿，腹胀,冷经冷病,清热解毒，行水,"一方:葛嘎仰（鸭跖草）15g,葛娜（养菜）20g,仰格陇给（淡竹叶）15g,仰嘎姬（白茅根）20g,萬佳嘎强确（篇蓄）12g,苞姜给打（茯苓）10g,萬里八降（车前子）12g,煎水内服。二方:萬给干枪（斑鸠窝）15g,萬帮学（酢浆草）10g,萬比赊溜（连钱草）12g,萬比甘（商陆）10g,珍陡（茵仁米）15g,黄芷20g,煎水内服。三方:萬比赊幼（小金钱草）15g,鲜草捣烂敷肚脐。"
R64,热病血虚心慌,心慌，头昏，面色苍白，呼吸急促,热经热病,清热除烦，养心安神,"一方:佳保耶（石菖蒲）10g,萬里略芭（远志）10g,佳欧芜（党参）15g,灵芝20g,煎水内服。二方:凯访（郁金）10g,仰松芭（香附）10g,佳欧芜（党参）15g,萬朴翁（夜交藤）20g,煎水内服。三方:珍陆（炒梔仁）10g,茯神15g,丹参10g,萬朴翁（夜交藤）15g,煎水内服。"
R65,冷病气血两虚心慌,心慌，胸闷，气短,冷经冷病,补气养血，养心安神,"一方:瓜萎30g,芥白15g,科辣（制半夏）10g,煎水内服。二方:姜加莪董（麦冬）15g,珍陆（炒梔仁）20g,嘎佬豆金（山枝茶）15g,煎水内服。三方:嘎炯芒桑（棉花根）20g,苞姜给打（茯苓）10g,引丹参20g,珍桐（桃仁）10g,萬佬嗥（当归）10g,JI|M10g,煎水内服。"
R66,冷经头痛,头晕胀痛、夜寐不宁,冷经冷病,去风止痛，温通散寒，止痛,"一方:萬巩料（虎杖）10g,高立日（天麻）15g,佳劳略（钩藤）10g,豆斗欧（草决明）15g,仰纠（三叶草）12g,仰嗟嘎（鸡血藤）15g,凯欧（黄精）10g,煎水内服。二方:抓尖金涌（岩巴藤）15g,高立日（天麻）10g,萬哈（姜黄）10g,榜萬芜（菊花）10g,佳劳略（钩藤）12g,煎水内服。三方:豆斗欧（草决明）15g,姬佳诺（阳雀花）15g,珍访象（山楂）12g,豆顿（杜仲）10g,榜萬芜（菊花）10g,芍药（白芍）10g,煎水内服。"
R67,热经头痛,头痛表现为挚痛，灼痛，胀痛,热经热病,温通散寒，止痛,"一方:嘎罢又赊（黑骨藤）12g,布佳菲（阎王刺）15g,珍姜（木姜子叶）8g,萬梗比（鹅不食草）10g,煎水内服。二方:保略（紫背浮萍）20g,布佳菲（阎王刺）15g,嘎欧底（苏叶）10g,佳姜给（荆养）10g,佳榴腔（土升麻）1庞，煎水内服。三方:加芒丢得幼（抱石莲）20g,佳劳给（马鞭草）15g,榜加腔（金银花）12g,布佳菲（阎王刺）12g,煎水内服。"
R68,偏头痛,一侧头痛如针刺刀割，头晕，耳鸣，颜面抽筋,冷经冷病,祛风止痛，行气活血,"一方:嘎炯菲（葛根）15g,佳嘎陇给（徐长卿）10g,加九留（四块瓦）8g,白芷15g,桂枝10g,煎水内服。二方:嗟尚（大血藤）15g,佳榜岗（苕叶细辛）8g,萬项嘎（鸡矢藤）15g,佳欧芜（党参）15g,川夸10g,煎水内服。三方:葛哈（姜黄）8g,芙蓉花15g,黄荆条15g,豆萬岗（桑叶）20g,榜葛芜（菊花）15g,煎水内服。"
R69,前额头痛,前额头痛,热经热病,养阴扶阳，行气止痛,"一方:苞姜给打（茯苓）20g,加欧（苍耳）10g,白芷10g,娜丽（山药）20g,萬哈（姜黄）5g,高立日（天麻）15g,煎水内服。二方:葛嘎勒（蜘蛛香）15g,嘎龚真宫幼（五香血藤）20g,萬勇哥（骚羊古）15g,佳劳略（钩藤）12g,煎水内服。三方:葛巴象（糯米团）20g,萬仰西（茜草）12g,佳欧芜（党参）15g,地米参15g,萬布套学（血人参）15g,煎水内服。"
R70,热经头昏目眩庭,头昏，看物转动，恶心，呕吐，不思睡眠,热经热病,滋阴降火，滋肝补肾,"一方:高立日（天麻）15g,佳劳略（钩藤）10g,机衣（女贞子）15g,芍药（白芍）15g,煎水内服。二方:佳灰柯（头晕药）20g,嘎罢嗟姜（菟丝子）15g,灵芝15g,葛朴翁（夜交藤）20g,煎水内服。三方:菖朴翁（何首乌）20g,豆萬岗（桑募）15g,榜萬芜（菊花）10g,萬坝仰（夏枯草）15g,煎水内服。"
R71,冷经血虚目眩症,头昏目眩，看物转动,冷经冷病,滋阴降火，滋肝补肾,"一方:凯欧（黄精）20g,珍陆（梔子）15g,佳萬遍尖脑（半枝莲）15g,萬里略芭（小远志）15g,煎水内服。二方:葛布套学（血人参）15g,娜丽（山药）20g,佳欧芜（党参）15g,豆萬岗（桑募）20g,煎水内服。三方:嗟尚（大血藤）15g,葛给干枪（斑鸠窝）20g,响铃草15g,珍陆（梔子）10g,煎水内服。"
R72,冷经气虚头备目眩建,头昏目眩，恶心，想吐，少气懒言,冷经冷病,祛风化痰，补气养血,"一方:陈皮10g,科辣（制半夏）12g,萬里略芭（瓜子金）10g,M嘎勒（蜘蛛香）12g,煎水内服。二方:豆跃里（佩兰）12g,竹茹20g,芍药（白芍）10g,珍陆（梔子）10g,珍访象（山楂）10g,煎水内服。三方:佳保耶（石菖蒲）10g,豆卡欧（吴萸）10g,凯欧（黄精）10g,榜拉梯（枇杷叶）15g,瓜萎15g,煎水内服。"
R73,冷经華庭,头晕，不能站立,冷经冷病,补气养血，养心安神,"一方:高立日（天麻）20g,佳劳略（钩藤）15g，萬罢仰（夏枯草）20g,芍药（白芍）15g,煎水内服。二方:葵花根100g,冰糖100g,煎水内服。三方:萬布罢娜（小蓟根）50g,煎水空服。"
R74,热经晕症,头晕不能站立,热经热病,清热化痰,"一方:珍桐（桃仁）15g,达柯芍（赤芍）15g,岗郎炯（地龙）8g,煎水内服。二方:萬罢仰（夏枯草）20g,佳涝给确（益母草）20g,豆萬岗佳菲幼（桑寄生）15g,佳劳略（钩藤）10g,煎水内服。三方:榜萬芜（菊花）15g,萬里略芭（小远志）10g,豆顿（杜仲）20g,珍豆萬播（枸杞）20g,煎水内服。"
R75,热銓胁痛,胁肋疼痛，走窜不定,热经热病,理气止痛,"一方:仰松芭（香附）10g,豆卡欧（吴萸）6g,仰嗟嘎（鸡血藤）12g,凯访（姜黄）10g,珍陆（梔子）8g,菖鼾（茵陈）12g,柴胡12g,煎水内服。二方:萬轮茂跃（瓶尔小草）10g,佳嘎陇给（徐长卿）8g,煎水内服。三方:酒尚苞确（蛇莲）12g,仰松芭（香附）10g,萬疗（辣蓼）15g,豆卡欧（吴萸）6g,萬仰希（小血藤）10g,佳蒙枪（青木香）6g,煎水内服。"
R76,冷经胁痛,肋胁隐痛，或疼痛时起时伏,冷经冷病,活血化瘀，理气止痛,"一方:豆嘎雷溜（仙人掌）20g,娜丽（山药）12g,苞脚桑（地苦胆）6g,穿心莲10g,豆姜额（苦楝）10g,煎水内服。二方:萬壳欧（野薄荷）10g,佳嘎陇给（徐长卿）8g,姜加莪董（麦冬）12g,姬佳诺（锦鸡儿）10g,芍药（白芍）10g,煎水内服。三方:萬久欧（水三七）10g,佳嘎陇给（徐长卿）10g,研磨细粉吞服。"
R77,冷病血虚健忘,健忘，失眠，心慌，神倦,冷经冷病,滋补肝肾，养心安神,"一方:萬阿苯（土人参）20g,萬佬嗥（当归）15g,萬里略芭（远志）15g,茯神20g,煎水内服。二方:豆顿（杜仲）20g,酒桑咯咯列里（牛膝）15g,M嘎相（旱莲草）1幽,凯欧（黄精）20g,豆嘎里访（黄柏）15g,煎水内服。三方:萬朴翁（何首乌）20g,菖它信（冬葵根）15g,珍陆（梔子）15g,佳保耶（石菖蒲）10g,煎水内服。"
R78,热病心血受损健忘,善忘，头晕，胸闷,热经热病,清热，养心，安神,"一方:萬佬嗥（当归）15g,嘎佬豆金（山枝茶）15g，达柯芍（赤芍）15g,酒桑咯咯列里（牛膝）15g,煎水内服。二方:苞姜给打（茯苓）20g,竹茹15g,豆萬岗（桑甚）20g,煎水内服。三方:萬巴象（糯米团）20g,嘎佬豆金（山枝茶）15g,萬朴翁（夜交藤）15g,景天三七15g,煎水内服。"
R79,热经忧郁,精神不振、时时叹息、暧气,热经热病,理气，泻火，开郁,"一方:柴胡12g,珍陆（梔子）10g,豆姜额（川楝）15g,嘎佬豆金（山枝茶）20g,豆嘎雷溜（仙人掌）15g,煎水内服。二方:萬嘎勒（蜘蛛香）10g,嘎佬豆金（山枝茶）12g,萬里略芭（小远志）8g,珍访象（山楂）10g,珍佳俄董（麦冬）10g,萬朴翁（夜交藤）20g,煎水内服。三方:橘叶20g,仰松芭（香附）20g,青皮15g,煎水内服。"
R80,冷经忧郁,神志恍惚，悲忧啼哭,冷经冷病,宁心安神,"一方:萬阿苯（土人参）20g,茯神20g,萬里略芭（小远志）15g,红枣50g,煎水内服。二方:仰抵嘎（沙参）20g,珍豆萬播（枸杞）20g,姜加莪董（麦冬）20g,灵芝20g,景天三七15g,煎水内服。三方:佳灰柯（头晕药）20g,萬朴翁（夜交藤）15g,珍发秋（木瓜）15g，珍访象（生山楂）50g,凯欧（黄精）20g,煎水内服。"
R81,多睡病,久睡不醒，或醒后又睡,热经热病,健脾，益气，扶阳,"一方:加嘎陇给（徐长卿）12g,萬嘎勒（蜘蛛香）15g,萬项嘎（鸡矢藤）20g,佳欧芜（党参）16g,煎水内服。二方:姬佳诺（阳雀花根）20g,佳保耶（石菖蒲）10g,煎水内服。三方:凯欧（黄精）20g,萬勇哥（骚羊古）10g,佳蒙枪（木香）10g,泡参20g,煎水内服。"
R82,热经失瞩,失眠多梦，通夜不能入睡,热经热病,疏肝泻火，养血益气，安神,"一方:佳架山（龙胆草）20g,珍陆（梔子）10g,仰松芭（香附）12g,煎水内服。二方:科辣（制半夏）10g,苞姜给打（茯荟）2瞻,豆比吼哈羌（三颗针）15g,陈皮12g,煎水内服。三方:嘎佬豆金（山枝茶）20g,珍访相（山楂）30g,灵芝20g,萬朴翁（夜交藤）20g,煎水内服。"
R83,冷经失眠,夜不易入睡，肢冷，心烦,冷经冷病,"益气养血,安神","一方:佳欧芜（党参）20g,凯欧（黄精）15g,葛朴翁（何首乌）20g,仰松迷（灯心草）10g,煎水内服。二方:生地20g,糯独佳开都（水黄连）6g,葛里略芭（小远志）15g,红枣30g,煎水内服。三方:黄苗30g,萬朴翁（何首乌藤）20g,芍药（白芍）15g,嘎腔赶芒（麦芽）15g,煎水内服。"
R84,抖症,发抖不能自制，语言不清，拿物不稳,热经热病,祛风通络，祛风疏经,"一方:高立日（天麻）20g,佳劳略（钩藤）15g,佳嘎旅（生扯拢）15g,白蕨力12g,煎水内服。二方:豆斗欧（草决明）18g,萬豆刹（红禾麻）20g,朗心沙（乌梢蛇）20g,岗叩（螟蚣）15g,煎水内服。三方:高立日（天麻）15g,芍药（白芍）12g,豆顿（杜仲）15g,酒桑咯咯列里（牛膝）12g,煎水内服。"
R85,热经中邪,高烧，大汗，昏睡，四肢抽搐,热经热病,清热除烦，滋阴生津,"一方:萬达尚（莺尾）20g,生石膏30g,佳萬姣米（蕾香）15g,煎水内服。二方:荷叶10g,西瓜皮30g,苦瓜叶10g,煎水内服。三方:岩洋参20g,朗访幼（石斛）15g,仰格陇给（淡竹叶）15g,煎水内服。"
R86,冷病中邪,神志恍惚，缩手缩脚,热经热病,补气养血，滋阴降火,"一方:绿豆50g,嘎炯令豆得（水冬瓜皮）30g,香蕾15g,西瓜皮30g,仰抵嘎（沙参）30g,煎水内服。二方:姬佳诺（阳雀花）20g,荷叶30g,豆萬岗（鲜桑叶）20g,煎水内服。三方:鲜竹叶心20g,M芮榴（鱼瞅串）20g,萬米仰（马齿竟）30g,珍布渴（刺梨根）15g,煎水内服。"
R87,妇人热病经来花癲,胡言乱语，哭笑无常,热经热病,养心安神，补气养阴,"嘎佬豆金（山枝茶）30g,豆比吼哈羌（三颗针）30g,竹茹20g,煎水内服。"
R88,妇人热病心神不定花癫,心神不定,热经热病,养心安神，滋阴降火,"一方:珍陆（梔子）10g,佳巩山（苦参）15g,灵芝15g,佳架山（龙胆草）20g,煎水内服。二方:十字草20g,小种三七15g,仰格陇给（淡竹叶）20g,胆南星15g,煎水内服。三方:瓜萎20g,潘豆乃（十大功劳）15g,嘎佬豆金（山枝茶）20g,珍陆（梔子）15g,茯神20g,煎水内服。"
R89,妇人热经肝火旺盛龙癫,"发惊，发怒，大
声大叫",热经热病,清热除烦，补气养血,"一方:朗象刹（南蛇藤）15g,缴草15g,萬里略芭（小远志）10g,珍陆（梔子）10g,姜加莪董（麦冬）12g,煎水内服。二方:佳巩山（苦参）20g,嘎佬豆金（山枝茶）20g,茯神15g,萬灰秋（土大黄）20g,煎水内服。"
R90,妇人热病疫迷心窍花癲,不知羞耻，不知冷热,热经热病,镇静安神，化痰通窍,"一方:科辣（制半夏）15g,胆南星20g,瓜萎15g,嘎佬豆金（山枝茶）20g,珍陆（梔子）10g,煎水内服。二方:糯独佳开都（水黄连）15g,马兜铃6g,佳翁谬茧（万寿竹）15g,煎水内服。三方:佳保耶（鲜石菖蒲）100g,芝麻50g,佳劳略（钩藤）50g,煎水内服。"
R91,便血,先大便后来血，大便成黑色,冷经冷病,健脾，温中，止血,"一方:佳蒙枪（木香）15g,泡参20g,加嘎陇给（徐长卿）15g,加嘎吉给（仙鹤草）18g,煎水内服。.二方:黄芷20g,娜丽（山药）15g,萬嘎勒（蜘蛛香）15g,煎水内服。三方:仰抵嘎（沙参）30g,M布罢确（大蓟）50g,煮瘦肉内吃。"
R92,热经水湿热毒便血,下血鲜红，肛门灼热,热经热病,祛热除毒，收敛止血,"一方:萬丢（鱼腥草）30g,萬娜（养菜）20g,萬吼嘎抖（贯众）20g,煎水内服。二方:萬灰秋（土大黄）20g,萬咪仰（马齿菟）30g,萬榜肖妖（满天星）30g,煎水内服。三方:萬里八降（车前草）20g,萬布套学（血人参）20g,萬比赊溜（连钱草）20g,煎水内服。"
R93,热经便血,便血，量多，色红或紫,热经热病,清热凉血,"一方:萬灰秋（土大黄粉）10g,煎水内服。二方:鲜藕适量，捣烂取汁内服。二方:鲜藕适量，捣烂取汁内服。三方:葛灰秋（大黄）1庞,糯独佳开都（水黄连）3g,萬久欧（三七）10g,珍陆（梔子）10g,仰嘎姬（白茅根）50g,煎水内服。"
R94,冷经便血,便血量多或不多，血色淡或鲜红,冷经冷病,补气养血，止血,"一方:豆嘎先（紫珠草）30g,佳欧芜（党参）30g,煎水内服。二方:卷柏15g,萬里料（石韦）30g,嘎炯芒桑（棉花根）30g,朗萬跃（蚊母草）20g,煎水内服。三方:姬佳诺（阳雀花根）20g,萬朴翁（何首乌）20g,潘豆乃（十大功劳）15g,煎水内服。"
R95,牙出血,齿龈出血，血色鲜红,热经热病,清胃，泻火,"一方:芦根20g,豆野给（白马骨）20g,煎水内服。二方:生石膏50g,萬达尚（莺尾）15g,姜加莪董（麦冬）10g,机衣（女贞子）20g,煎水内服。三方:豆比吼哈象（三颗针）20g,朗访幼（石斛）15g,葛布罢确（大蓟）20g,煎水内服。"
R96,虚火牙出血,牙齿出血，色红，肿痛,热经热病,清热解毒，凉血止血,"一方:佳珍嘎佬苑（果上叶）20g,佳架山（龙胆草）20g,机衣（女贞子）20g,煎水内服。二方:豆跃里（佩兰）20g,葛欧吾（九里光）20g,豆野给（白马骨）30g,煎水内服。三方:葛鼾（茵陈）30g,芍药（白芍）15g,萬咪仰（马齿菟）30g,葛朴翁（何首乌）20g,煎水内服。"
R97,肺热出鼻血,鼻出血，鼻腔干燥,热经热病,清肺止血，凉血止血,"一方:豆葛岗（桑叶）20g,萬竟（青蒿）20g,珍陆（梔子）15g,仰嘎姬（白茅根）30g,姜加莪董（麦冬）20g,煎水内服。二方:荷叶30g,波嘎梯（百合）20g,芦根30g,煎水内服。三方:萬久欧（水三七）20g,葛嘎里（旱莲草）30g，媾佬葛（元宝草）2g,煎水内服。"
R98,胃热鼻出血,"鼻出血，鼻腔干燥,",热经热病,清热除湿，凉血活血,"一方:生石膏50g,珍陆（梔子）20g,仰格陇给（竹叶）15g,桑咯咯列里（牛膝）15g,煎水内服。二方:佳架山（龙胆草）20g,潘豆乃（十大功劳）20g,榜萬就（莓草）15g,豆萬播（地骨皮）15g,煎水内服。二方:佳架山（龙胆草）20g,潘豆乃（十大功劳）20g,榜萬就（莓草）15g,豆萬播（地骨皮）15g,煎水内服。"
R99,肝火旺、鼻出血,鼻出血，量多，色鲜红,热经热病,清肝泻火，凉血止血,"一方:达柯芍（赤芍）20g,珍陆（梔子）20g,豆比吼哈羌（三颗针）15g,生地20g,煎水内服。二方:水牛角2g,藕节30g,萬仰西（茜草）15g,嘎佬豆金（山枝茶）15g,煎水内服。三方:豆比吼哈羌（三颗针）15g,佳架山（龙胆草）30g,豆枪（侧柏叶）20g,煎水内服。"
R100,热毒咳血,咳嗽痰中夹血，色鲜红,热经热病,清热润肺，凉血止血,"一方:豆烈（铁包金）15g,姜加莪董（麦冬）20g,瓜萎15g,珍陆（梔子）10g,豆萬岗（桑叶）15g,萬仰西（茜草）15g,煎水内服。二方:仰抵嘎（杏叶沙参）2庞,珍蟒（杏仁）15g,豆萬岗（桑白皮）20g,萬相学（牛莠子）15g,肝努净菸（岩亜豆）12g,煎水内服。三方:豆枪（侧柏叶）20g,仰嘎姬（白茅根）2g,波嘎梯（百合）12g,加嘎吉给（仙鹤草）20g,佳珍嘎佬苑（果上叶）12g,煎水内服。"
R101,肝火咳血,咳嗽咳痰，痰中带血，烦躁易怒,热经热病,清热润肺，凉血活血,"一方:萬坝仰（夏枯草）30g,一口血20g,萬比审（虎耳草）20g,佳珍嘎佬苑（果上叶）20g,煎水内服。二方:佳架山（龙胆草）20g,珍陆（梔子）15g,姜加莪董（麦冬）20g,萬久碧幼（一朵云）15g,萬布罢确（大蓟）30g,煎水内服。三方:乌旧（白及）20g,波嘎梯（百合）20g,萬梗比（鹅不食草）10g,仰嘎姬（白茅根）30g,萬祖别芭（前胡）10g,煎水内服。"
R102,胃热吐血,腹痛，恶心，吐血量多，色鲜红或紫暗,热经热病,滋阴降火，凉血活血,"一方:生石膏30g,豆比吼哈羌（三颗针）20g,珍陆（梔子）20g,藕节20g,煎水内服。二方:萬布罢确（大蓟）20g,仰嘎姬（白茅根）20g,萬灰秋（土大黄）15g,萬久欧（水三七）20g,煎水内服。三方:酒桑咯咯列里（牛膝）15g,仰嘎姬（白茅根）30g,朗访幼（石斛）15g,萬布罢娜（小蓟）20g,丹皮15g,煎水内服。"
R103,肝火吐血,吐血，量多，心烦多怒，目眩,热经热病,清肝火，清胃热止血,"一方:萬坝仰（夏枯草）20g,榜萬芜（野菊花）20g,萬欧吾（千里光）20g,萬布罢确（大蓟）30g,珍陆（梔子）15g,煎水内服。二方:佳架山（龙胆草）20g,潘豆乃（十大功劳）20g,仰蜡烛（蒲黄）20g,柴胡10g,煎水内服。三方:佳架山（龙胆草）20g,萬里八降（车前草）15g,萬佬嗥（当归）12g,姜加莪董（麦冬）15g,萬嘎里（旱莲草）20g,煎水内服。"
R104,热经风热青紫血斑,下肢和下半身青紫血斑，大小便带血,热经热病,祛风清热，凉血止血,"一方:佳姜给（荆芥穗）20g,榜佳腔（金银花）20g,生地10g,达柯芍（赤芍）15g,豆阿潘（地肤子）15g,仰嘎姬（白茅根）2如,煎水内服。二方f萬布罢确（大蓟）20g,仰蜡烛（蒲黄）15g,萬灰秋（土大黄）10g,萬卧俄（地榆）20g,煎水内服。三方:萬给干枪（斑鸠窝）15g,葛壳溜（泽兰）12g,一口血16g,萬哈收（地蜂子）12g,萬灰秋（土大黄）15g,煎水内服。	，"
R105,热经血热青紫血斑,发热，皮肤瘀点或瘀斑，大小便带血,热经热病,清热解毒，凉血止血,"一方:加嘎吉给（仙鹤草）15g,朗萬跃（蚊母草）15g,紫草12g,红枣30g,生地20g,煎水内服。二方:潘豆乃（十大功劳）20g,豆野给（白马骨）15g,木芙蓉20g,生石膏30g,M灰秋（土大黄）20g,煎水内服。三方:水牛角20g,萬久欧（土三七）20g,煎水内服。"
R106,冷经气虚者紫血斑,皮肤青紫，反复发作，面色苍白，四肢无力,冷经冷病,补气养血，活血化瘀,"一方:姬佳诺（阳雀花根）20g,佳欧芜（党参）20g,娜丽（山药）15g,萬嘎里（旱莲草）15g,煎水内服。二方:嘎炯芒桑（棉花根）20g,仰嘎姬（白茅根）15g,凯欧（黄精）20g,珍布仰（金樱子）10g,煎水内服。三方:佳欧芜（党参）20g,娜丽（山药）20g,红枣30g,珍豆萬播（枸杞）20g,煎水内服。"
R107,冷经血虚青紫血斑,青紫血斑下肢最多，反复发作,冷经冷病,滋阴降火，凉血止血,"一方:豆萬岗（桑甚）20g,龟板20g,姜加莪董（麦冬）15g,豆榜乳（木槿花）20g,煎水内服。二方:菖仰西（茜草炭）20g,豆萬播（地骨皮）15g,豆阿潘（铁扫帚）20g,萬朴翁（何首乌）20g,煎水内服。三方:仰嘎姬（白茅根）20g,叶下珠20g,萬布罢确（大蓟）20g,波嘎梯（百合）30g,萬娜（养菜）15g,煎水内服。"
R108,冷经气虚紫斑,紫斑多发生于下肢，妇人多见，色紫暗淡,热经热病,益气止血,"一方:黄芷20g,萬佬嗥（当归）10g,煎水内服。二方:葛珍伦（仙桃草）15g,仰嘎姬（白茅根）20g,嘎脑豆松芒（女贞子叶）16g,佳松略确（土三七）12g,煎水内服。三方:豆枪（侧柏）15g,萬丢（鱼腥草）18g,姬佳诺（阳雀花根）20g,萬榜学（酢酱草）16g,花生衣20g,煎水内服。"
R109,冷经血虚紫斑,头晕，心烦，全身无力，肌肤发热,热经热病,滋阴降火，化斑止血,"一方:仰嘎姬（白茅根）20g,豆枪（侧柏叶）15g,萬仰西（茜草炭）20g,豆萬播（地骨皮）18g,煎水内服。二方:仰嘎姬（白茅根）30g,红枣100g,煎水内服。三方:葛嘎里（旱莲草）20g,加嘎吉给（仙鹤草）20g,嘎龚布梭学嘎八（见血飞）15g,煎水内服。"
R110,热经火旺紫斑,发热，便秘，口渴，尿黄,热经热病,清热解毒，凉血化瘀,"一方:水牛角粉15g,开水吞服。二方:佳萬遍尖脑（半枝莲）15g,洒尚就确（雪莲花）16g,萬佬嗥（当归）12g,乌索欧（龙葵）15g,凯访幼（郁金）10g,布幼打（蛇莓）10g,黄茂15g,红参10g,轮环藤根15g,丹参10g,煎水内服。三方:山佳跃（还魂草）15g,仰嘎姬（白茅根）15g,煎水加蜂糖内服。"
R111,冷经风湿性关节炎,肢体冷痛，麻木,冷经冷病,祛风止痛，通络止痛,"一方:豆珍空（透骨香）20g,科抖欧（追风散）15g,布佳菲（阎王刺）20g,加九留（四块瓦）15g,煎水内服。二方:佳嘎旅（生扯拢）20g,嘎炯豆丢劳独（八角枫）10g,佳豆给棕（威灵仙）20g,嘎炯令豆得（水冬瓜）15g,煎水内服。三方:佳莪罢（七叶莲）20g,豆萬岗（桑枝）15g,嘎龚布梭学嘎八（见血飞）20g,萬豆刹（红禾麻）20g,煎水内服。"
R112,热经风湿性关节炎,关节红肿热痛，发烧,热经热病,清热利湿，舒经通络，祛风止痛,"一方:萬比哈（豬荟草）20g,榜佳腔（忍冬藤）15g,佳嘎陇给（徐长卿）20g,珍发秋（木瓜）20g,煎水内服。二方:佳劳略（钩藤）15g,珍豆蟒（路路通）20g,萬仰西（茜草）15g,海桐皮20g,煎水内服。三方:鲍家利幼（草乌）15g,M灰萬菲（蒲公英）20g,嗟尚（大血藤）20g,萬壳溜（泽兰）15g,煎水内服。"
R113,热湿互结类风湿,多个关节红肿疼痛变形，发烧,热经热病,清热利湿，祛风止痛,"一方:佳豆给棕（威灵仙）15g,佳生幼（三角风）10g,M乃略芭（一枝黄花）15g,煎水内服。二方:布佳菲（阎王刺）15g,八月扎12g,酒尚苞确（蛇莲）15g,葛哈收（地蜂子）10g,煎水内服。"
R114,热经气滞血瘀美风湿,关节疼痛红肿,热经热病,祛风除湿，舒经通络，行气止痛,"一方:全蝎10g,岗叩（螟蚣）2条，嗟格里那（伸筋草）15g,煎水内服。二方:朗心沙（乌梢蛇）20g,佳姜给（荆芥）10g,佳生幼（三角风）15g,豆跃里（佩兰）10g,珍发秋（木瓜）15g,煎水内服。"
R115,冷经東湿阻滞类风湿,关节疼痛变形，反复发作，肌肉消瘦,冷经冷病,攻补兼施,"一方:姬佳诺（阳雀花根）20g,萬有加溜（狗脊）20g,白芥子10g,瓜萎12g,萬里略（金丝桃）15g,煎水内服。二方:佳豆给棕（威灵仙）20g,写那架（骨碎朴）10g,嗟尚（大血藤）20g,山葡萄15g,豆萬纳（穿破石）15g,佳欧芜（党参）15g,煎水内服。三方:嘎炯嘎令豆嘎收（铁筷子）15g,岩川萼15g,鲍家利幼（制草乌）8g,萬强牛（续断）20g,煎水内服。"
R116,热经痿症,"肌肉消瘦,骨节活动不便",热经热病,清热通经脉，补骨强筋,"一方:佳欧芜（党参）30g,姜加莪董（麦冬）20g,生石膏30g,朗访幼（石斛）20g,煎水内服。二方:豆跃里（佩兰）15g,厚朴15g,珍发秋（木瓜）20g,酒桑咯咯列里（牛膝）15g,煎水内服。三方:仰抵嘎（沙参）20g,生石膏50g,珍陡（茂仁米）30g,娜丽（山药）50g,龟板30g,煎水内服。"
R117,冷经痿症,气短无力，面色痿黄，或有头晕、耳鸣,冷经冷病,补肝补肾，补骨强筋,"一方:黄芷30g,萬佬嗥（当归）20g,佳欧芜（党参）30g,酒桑咯咯列里（牛膝）20g,煎水内服。二方:佳莪涌（淫羊蕾）20g,珍豆菖播（枸杞）20g,黑故子10g,核桃仁30g,煎水内服。三方:萬布套学（血人参）20g,芍药（白芍）20g,萬有加溜（狗脊）15g,萬强牛（续断）15g,煎水内服。"
R118,气虚汗症,半身或局部动则出汗，体倦无力,冷经冷病,补气养血，健脾和胃,"一方:嘎炯芒桑（棉花根）20g,佳欧芜（党参）20g,红枣30g,淡煎水内服。二方:糯稻根20g,娜丽（山药）20g,夜寒苏20g,凯欧（黄精）20g,煎水内服。三方:萬首扎（岩白菜）尾,珍陆（梔子）10g,萬布套学（血人参）20g,乌梅20g,煎水内服。"
R119,血虚汗症,自行出汗，面色苍白，心慌,冷经冷病,神气养阴，益胃生津,"一方:嘎佬豆金（山枝茶）15g,姜加莪董（麦冬）15g,灵芝15g,萬朴翁（夜交藤）20g,珍陆（梔子）10g,煎水内服。二方:佳欧芜（党参）20g,萬朴翁（夜交藤）15g,糯稻根20g,子午莲15g,珍布仰（金樱子）12g,煎水内服。三方:萬里略芭（小远志）15g,浮小麦50g,煎水内服。"
R120,热毒汗症,发热，汗出黏稠，面红，口苦,热经热病,滋阴降火，养阴益气,"一方:佳架山（龙胆草）15g,芍药（白芍）15g,苞姜给打（茯苓）20g，煎水内服。二方:萬布套学（血人参）20g,萬它信（冬葵）15g,豆嘎里访（黄柏）15g,挂桂俄（白薇）15g,萬朴翁（夜交藤）15g,煎水内服。三方:萬米仰（马齿菟）20g,豆阿潘（铁扫帚）20g,萬芮榴（鱼輙串）20g,姬佳诺（阳雀花根）15g,煎水内服。"
R121,热痼疽庭,患处红肿，疼痛，很快化脓,热经热病,清热解毒，排脓消痈,"一方:榜佳腔（金银花）20g,萬灰卡娜（地丁）20g,萬乃略芭（一枝黄花）15g,豆比吼吼哈羌（三颗针）15g,煎水内服。二方:播整路（皂角刺）10g,穿山甲8g,萬灰萬菲（蒲公英）20g,萬坝仰（夏枯草）20g,煎水内服。三方:萬灰秋（土大黄）15g,佳美勒（败酱草）20g,黄葵20g,野芝麻20g,煎水内服。"
R122,冷病疽症,肿块破溃，脓液稀少,热经热病,清热除湿，祛腐生肌,"一方:姬佳诺（阳雀花根）20g,姜加莪董（麦冬）15g,生地20g,仰格陇给（竹叶）10g,萬迷沙又（半边莲）15g,煎水内服。二方:嘎龚布梭学嘎八（见血飞）18g,簸岗领（山蚂蝗）12g,木芙蓉20g,水芹20g,煎水内服。三方:萬灰萬菲（蒲公英）20g,萬比审（虎耳草）18g,青牛胆20g,煎水内服。"
R123,气血两虚疽症,邪毒不化，局部肿胀，疼痛轻微,冷经冷病,祛腐生肌，排脓消痈,"一方:佳欧芜（党参）20g,芍药（白芍）15g,榜佳腔（金银花）12g,萬里略（连翘）15g,煎水内服。二方:姬佳诺（阳雀花根）20g,萬布套学（血人参）20g,泡参20g,白芷15g,煎水内服。三方:丹参20g,豆野给（白马骨）20g,扛板归18g,萬疗（辣蓼）15g,煎水内服。"
R124,嘈杂热心痛,嘈杂吐酸水，恶心，似饿非饿,热经热病,清热除湿，健脾和胃,"一方:科辣（制半夏）15g,陈皮12g,珍陆（梔子）10g,生姜5片,煎水内服。二方:隔山消12g,鸡内金10g,酒曲16g,煎水内服。三方:萬项嘎（鸡矢藤）3g,葛嘎勒（蜘蛛香）3g,捣碎开水吞服。"
R125,嘈杂冷心痛,胸口嘈杂，似饿非饿，食后饱胀,冷经冷病,健脾和胃，养阴扶阳,"一方:佳欧芜（党参）20g,苞姜给打（茯苓）20g,娜丽（山药）18g,W勇哥（骚羊古）10g,捣碎开水吞服。二方:娜丽（山药）20g,M首扎（岩白菜）15g,珍姜（木姜子）10g,捣碎开水吞服。三方:蔬白12g,万年养20g,煎水内服。"
R126,嘈杂血虚痼,嘈杂，胸口辣刺,冷经冷病,养胃健脾，补气养血,"一方:萬布套学（血人参）20g,佳欧芜（党参）20g,茯神15g,萬里略芭（远志）10g,煎水内服。二方:臭牡丹20g,夜寒苏15g,珍布仰（金樱子）15g,豆阿潘（铁扫帚）20g,煎水内服。三方:嘎佬豆金（山枝茶）10g,灵芝15g,萬朴翁（夜交藤）2g,豆萬岗（桑甚）20g,煎水内服。"
R127,热经燥卵伤肺,头痛，怕风，怕冷，咽喉干燥，口渴,热经热病,清热润燥，解毒燥湿,"一方:豆萬岗（桑叶）15g,嘎佬萬相豆（大青木）15g,姜加莪董（麦冬）12g,基加欧确（天冬）12g,萬壳欧（薄荷）10g,煎水内服。二方:菖相学（牛莠子）1网,闹格（玉竹）12g,苦瓜叶15g,挂桂俄（白薇）10g,水灯草15g,煎水内服。三方:葛乃略芭（一枝黄花）12g,萬久碧幼（一朵云）20g,访榜香（黄瓜香）10g,豆萬岗（桑白皮）10g,煎水内服。"
R128,热经煤气化火,头痛，怕冷，发热，无汗,热经热病,清热润燥，宣肺止咳,"一方:嘎欧低（苏叶）15g,萬梗比（鹅不食草）10g,嘎老萬相豆（大青木）15g,萬相学（牛莠子）10g,佳萬姣米（蕾香）10g,M祖别芭（白花前胡）10g,煎水内服。二方:加欧（苍耳子）10g,佳珍嘎佬苑（果上叶）15g,黄荆条12g,波嘎梯（百合）12g,榜葛芜（菊花）10g,M芮榴（鱼瞅串）15g,煎水内服。三方:佳涝给（马鞭草）15g,佳榴枪（土升麻）12g,萬壳欧（薄荷）12g,萬你掠（小过路黄）15g,萬庆玛（紫菟）12g,煎水内服。"
R129,热经燥邪伤胃,发烧咳喘、肚腹疼痛,热经热病,清热除湿，宣肺平喘,"一方:生石膏30g,嘎老萬相豆（大青木）15g,佳蒙枪（青木香）10g,萬主独波科（九头狮子草）20g,珍蟒（杏仁）10g,煎水内服。二方:一窝蛆15g,嘎炯菲（葛根）15g,萬嘎仰（鸭跖草）10g,萬乃略芭（一枝黄花）10g,萬久碧幼（一朵云）10g,煎水内服。三方:叶下珠15g,萬久碧幼（一朵云）12g,萬首扎（岩白菜）15g,葛祖别芭（前胡）10g,萬相学（牛莠子）12g,煎水内服。"
R130,冷经燥湿伤肺,口鼻咽喉干燥，咳嗽无痰,冷经冷病,健脾和胃，润肺止咳,"一方:萬灰秋（土大黄）20g,榜萬芜（野菊花）20g,加蜂蜜煎水服。二方:葛久碧幼（一朵云）15g,额给戈罢（桔梗）10g,姜加莪董（麦冬）15g,朗访幼（石斛）10g,煎水内服。三方:苞姜给打（茯苓）18g,珍陡（茂仁米）20g,潘豆乃（十大功劳）16g,臭牡丹15g,煎水内服。"
R131,冷病内伤血虚发烧,起病慢、头昏眼花，发烧,冷经冷病,补气养血，利水逐邪,"一方:姬佳诺（阳雀花根）25g,豆萬播（地骨皮）15g,萬布套学（血人参）20g,姜加莪董（麦冬）10g,见风青15g,煎水内服。二方:萬里略芭（小远志）12g,凯欧（黄精）15g,灵芝15g,佳欧芜（党参）20g,嘎佬豆金（山枝茶）10g,煎水内服。三方:萬布罢确（大蓟根）20g,朗访幼（石斛）10g,萬项嘎（鸡矢藤）20g,萬朴翁（夜交藤）15g,嘎佬豆金（山枝茶）15g,煎水内服。"
R132,冷热并病内伤气虚发烧,"受伤后发烧,头晕,全身无力",热经热病,健脾补中，养阴益气,"一方:黄茂15g,仰抵嘎（沙参）15g,萬它信（冬葵根）15g,潘豆乃（十大功劳）15簽,佳榴腔（升麻）10g,煎水内服。二方:姬佳诺（阳雀花）20g,萬它信（冬葵根）15g,娜丽（山药）20g,波嘎梯（百合）20g,云丰10g,煎水内服。三方:芍药（白芍）15g,佳欧芜（党参）20g,加灰柯（头晕药）15g,凯欧（黄精）20g,煎水内服。"
R133,热病内伤水液发觉,内伤、口干，下午夜间发烧,热经热病,滋阴降火，养阴益气,"一方:葛克（青蒿）20g,仰抵嘎（沙参）20g,鳖甲15g,娜丽（山药）20g,景天三七10g,煎水内服。二方:子午莲20g,西河柳20g,姜加莪董（麦冬）15g,波嘎梯（百合）20g,萬坝仰（夏枯草）20g,煎水内服。三方:葛丢（白折耳）20g,挂桂俄（白薇）15g,珍布仰（金樱子）15g,波嘎梯（百合）15g,煎水内服。"
R134,热痞内伤经脉发蛛,伤后胸胁胀闷，口苦，易怒,热经热病,滋阴降火,"一方:佳架山（龙胆草）15g,萬壳欧（薄荷）8g,柴胡12g,珍陆（梔子）10g,潘豆乃（十大功劳）12g,煎水内服。二方:豆姜额（川楝）15g,芍药（白芍）15g,陈皮10g,鼠曲草15g,佳珍嘎佬苑（果上叶）15g,萬壳欧（薄荷）8g,煎水内服。三方:柴胡10g,佳架山（龙胆草）15g,珍陆（梔子）12g,丹皮10g,萬坝仰（夏枯草）15g,潘豆乃（十大功劳）15g,阿梅棍（苦养头）15g,煎水内服。"
R135,热病内伤血瘀发烧,内伤发烧，身背疼痛，面色萎黄,热经热病,活血化瘀，清热解毒,"一方:萬布套学（血人参），萬久欧（土三七），珍相（桃仁），豆烈（铁包金），仰嘎姬（白茅根），榜萬就（律草），煎水内服。二方:嘎龚布梭学嘎八（见血飞）20g,嗟尚（大血藤）20g,佳莪罢（七叶莲）15g,隔山消10g,鳖甲20g,煎水内服。三方:岗馒蚱（土鳖虫）15g,反背红20g,娜丽（山药）15g,豆嘎先（紫珠草）10g,仰蜡烛（蒲黄）15g,珍桐（桃仁）10g,煎水内服。"
R136,热病内伤湿毒发烧,伤后发烧，胸闷，口苦,热经热病,清热润燥，补气养血,"一方:萬嘎勒（蜘蛛香）12g,豆跃里（佩兰）10g,佳保耶（石菖蒲）12g,嘎腔赶芒（麦芽）15g,珍访象（山楂）15g,煎水内服。二方:萬里略芭（瓜子金）12g,仰松芭（香附）10g,科辣（制半夏）10g,佳加嘎收（阴行草）12g,萬鼾（茵陈）15g,佳嘎陇给（徐长卿）10g,煎水内服。三方:嘎龚真宫幼（五香血藤）15g,榜拉梯（枇杷叶）12g,珍姜（木姜子）10g,挂桂俄（白薇）10g,潘豆乃（十大功劳）12g,珍访象（生山楂）20g,煎水内服。"
R137,热经红白痢,便脓血次数增多,热经热病,清热利湿，止痢止泻,"一方:豆嘎里访（黄柏）12g,芍药（白芍）10g,榜拉梯（地枇杷）15g,萬哈收（委陵菜）12g,佳萬姣米（蕾香）10g,煎水内服。二方:萬哈收（委陵菜）20g,萬巩料（虎杖）15g,豆比吼哈羌（三颗针）10g,萬米仰（马齿竟）10g,煎水内服。三方:丁刚茅（丁香蓼）1既,豆布托（刺梨根）12g,豆比吼哈羌（三棵针）10g,萬哈收（委陵菜）20g,萬姣米（蕾香）10g,煎水内服。"
R138,热经壽痢,泻痢脓血，次数无度，肚痛,热经热病,清热解毒，止痢止泻,"一方:仰德着（地耳草）12g,M哈收（委陵菜）15g,豆比吼哈羌（三颗针）10g，豆写棒（厚朴）10g,珍访象（山楂）10g,煎水内服。二方:豆里欧确（草珊瑚）10g,豆嘎访（黄柏）10g,豆比吼哈羌（三颗针）10g,酒尚苞确（蛇莲）8g,煎水内服。三方:芮朗纺兴（黄毛耳草）15g,萬哈收（委陵菜）15g,M米仰（马齿竟）15g,芍药（白芍）10g,豆比吼哈羌（三颗针）10g,煎水内服。"
R139,冷经下痢,脓血大便，腹痛，怕冷,冷经冷病,收敛止痢,"一方:姬佳诺（阳雀花）20g,肉桂10g,附子15g,萬溜妮（地苞）12g,煎水内服。二方:佳欧芜（党参）20g,阿龚豆榴（石榴皮）15g,潘豆乃（十大功劳）15g,萬勇哥（骚羊古）15g,煎水内服。三方:糯独佳开都（水黄连）10g,豆卡欧（吴萸）6g,珍莎（野花椒）10g,芍药（白芍）15g，珍布渴（刺梨根）20g,煎水内服。"
R140,小儿痞子,全身出疹子，色红，咽喉肿痛,热经热病,疏散风热，凉血解毒,"一方:豆野给（白马骨）10g,板蓝根15g,佳萬姣米（蕾香）8g,葛乃略芭（一枝黄花）10g,萬壳欧（薄荷）6g,煎水内服。二方:榜佳腔（金银花）10g,萬相学（牛莠子）1脆,芦根10g,岗郎炯（地龙）6g,保略（浮萍）8g,紫草8g,煎水内服。三方:潘豆乃（十大功劳）钮,豆跃里（佩兰）6g,仰格陇给（竹叶）10g,萬久碧幼（一朵云）8g,萬巴象（糯米团）10g,煎水内服。"
R141,冷热并病串串咳,咳嗽成串串、咯吐鲜血,冷热并病,清热解毒，宣肺止咳,"一方:麻黄5g,珍蟒（杏仁）8g,陈皮6g,扛板归10g,煎水内服。二方:萬相学（牛莠子）陸,萬壳欧（薄荷）6g,萬祖别芭（前胡）8g,板蓝根8g,煎水内服。三方:萬乃略芭（一枝黄花）6g,额给戈罢（桔梗）5g,M祖别芭（白花前胡）8g,榜拉梯（枇杷叶）5g,扛板归10g,煎水内服。三方:潘豆乃（十大功劳）钮,豆跃里（佩兰）6g,仰格陇给（竹叶）10g,萬久碧幼（一朵云）8g,萬巴象（糯米团）10g,煎水内服。"
R142,热经串串咳,咳嗽成串串、咯吐鲜血,热经热病,清热解毒，清肺止咳,"一方:麻黄5g,珍蟒（杏仁）8g,加嘎吉给（仙鹤草）10g,生石膏30g,潘豆乃（十大功劳）10g,煎水内服。二方:鸡苦胆1~2个，煎水加白糖服。三方:仰嘎姬（白茅根）6g,萬梗比（鹅不食草）6g,M祖别芭（前胡）10g,萬相学（牛莠子）8g,豆野给（白马骨）6g,煎水加白糖服。"
R143,串串咳恢复期,咳嗽减轻，次数减少,冷经冷病,补气养血，润肺止咳,"一方:仰抵嘎（沙参）8g,姜加莪董（麦冬）8g,波嘎梯（百合）8g,夜寒苏15g,煎水内服。二方:萬丢（白折耳）10g,M久碧幼（一朵云）奨,萬首扎（岩白菜）1源,蜂蜜适量，煎水内服。三方:仰抵嘎（沙参）10g,肝努净菸（岩SI豆）8g,佳珍嘎佬苑（果上叶）10g,波嘎梯（百合），煎水内服。"
R144,热经衬耳癢,耳下一侧或两侧，肿胀疼痛，发烧,热经热病,清热解毒，疏肝利胆,"一方:洼访（万年青）适量，捣碎外敷。二方:板蓝根15g,萬相学（牛莠子）10g,M灰萬菲（蒲公英）15g,煎水内服。三方:板蓝根15g,榜佳腔（金银花）10g,豆野给（白马骨）15g,煎水内服。"
R145,热经癢書窜耳,耳下突然浮肿，发烫，疼痛,热经热病,清热解毒，散瘀消肿,"一方:萬灰葛菲（蒲公英）10g,萬相学（牛莠子）8g,嘎老葛相豆（大青木）10g,萬灰卡娜（紫花地丁）10g,煎水内服。二方:岗郎炯（地龙）8g,佳萬遍尖脑（半枝莲）8g,潘豆乃（十大功劳）10g,煎水内服。"
R146,水•痘輕症,初起为红色斑疹和丘疹，水疱,热经热病,红色斑疹，丘疹，水疱,"一方:榜佳腔（金银花）8g,萬相学（牛莠子）8g,萬壳欧（薄荷）6g,佳姜给（荆芥）6g,潘豆乃（十大功劳）8g,煎水内服。二方:萬乃略芭（一枝黄花）8g,珍蟒（杏仁）6g,佳劳给（马鞭草）10g,萬欧吾（千里光）6g,煎水内服。三方:水灯草10g,嘎炯菲（葛根）10g,榜佳腔（忍冬藤）10g,煎水内服。"
R147,水痘重型,高烧，水疱混浊呈酱色,热经热病,清热解毒，滋阴生津,"一方:生石膏20g,珍陆（梔子）8g,豆比吼哈羌（三颗针）6g,姜加莪董（麦冬）8g,芦根6g,煎水内服。二方:榜佳腔（金银花）10g,M灰卡娜（紫花地丁）10g,嘎佬萬相豆（大青木）10g,达柯芍（赤芍）6g,煎水内服。"
R148,丹毒,怕冷，发烧，头痛，皮肤出现疹子,热经热病,清热利湿，凉血解毒,"一方:佳架山（龙胆草）15g,萬灰萬菲（蒲公英）20g,萬灰卡娜（紫花地T）20g,萬乃略芭（一枝黄花）20g,佳美勒（败酱草）20g,煎水内服。二方:萬灰秋（土大黄）15g,豆比吼哈羌（三颗针）12g,榜萬芜（野菊花）20g,M嘎仰（鸭跖草）20g,M坝仰（夏枯草）20g,煎水内服。三方:博落回根皮100g,芙蓉花100g,加食盐少许，捣烂外敷。"
R149,血虚痹病,干咳少痰中带血，形体消瘦,冷经冷病,活血润肺,"一方:基加欧确（天冬）20g,姜加莪董（麦冬）20g,葛嘎得里（百部）20g,仰抵嘎（沙参）30g,榜拉梯（枇杷叶）20g,萬布套学（血人参）15g,煎水内服。二方:肝努净菸（岩豆）20g,萬嘎得里（百部）20g,乌旧（白及）30g,萬丢（白折耳）20g,煎水内服。三方:豆萬纳（穿破石）25g,M勇更（鹿衔草）15g,豆菖播（地骨皮）15g,鳖甲20g,葛久碧幼（一朵云）15g,煎水内服。"
R150,肺、肾两虚痹病,脸红潮热，反复咳血，失眠,热经热病,活血润肺，降火止血,"一方:波嘎梯（百合）30g,仰抵嘎（沙参）20g,嘎龚真宫幼（五味子）15g,潘豆乃（十大功劳）20g,佳比利吉（八爪金龙）15g,萬比审（虎耳草）20g,煎水内服。二方:娜丽（山药）20g,M咪仰（马齿竟）30g,雅尖莲（水八角莲）15g,豆比吼哈羌（三颗针）15g,加嘎吉给（仙鹤草）20g,煎水内服。"
R151,气血两虚肺痹,咳嗽，食后潮热，面色苍白,冷经冷病,健脾，益气，止咳,"一方:泡参30g,苞姜给打（茯苓）20g,萬佬嗥（当归）15g,娜丽（山药）20g,波嘎梯（百合）30g,芍药（白芍）12g,煎水内服。二方:嘎炯芒桑（棉花根）30g,凯欧（黄精）20g,黄茂20g,珍访象（山楂）20g,珍陡（茂仁米）20g,萬久碧幼（一朵云）15g,煎水内服。三方:姬佳诺（阳雀花）20g,萬朴翁（夜交藤）30g,M丢（白折耳）20g,珍豆萬播（枸杞）20g,榜拉梯（枇杷叶）15g,苞姜给打（茯苓）20g,煎水内服。"
R152,肺痹胸痛,胸痛，咳嗽，人体消瘦,冷经冷病,宣肺止咳，清热杀虫,"一方:制麻黄奨,珍芭沟豆（银杏）10g,生石膏20g,萬庆玛（紫菟）1®,煎水内服。二方:珍芭沟豆（银杏）10g,欧低（紫苏）8g,萬相学（牛莠子）12g,萬祖别芭（前胡）15g,豆萬岗（桑白皮）12g,潘豆乃（十大功劳）20g,煎水内服。三方:肝努净菸（岩豆工豆）15g,榜拉梯（枇杷叶）15g,陈皮10g,M梗比（鹅不食草）12g,嘎老萬相豆（大青木）20g,煎水内服。"
R153,九子疡早期,全身消瘦，颈部淋巴结肿大，不痛，皮肤正常,冷经冷病,补气养阴，散瘀消肿,"一方:芍药（白芍）15g,仰松芭（香附）12g,萬竟（青蒿）15g,鳖甲12g,雅尖莲（八角莲）奨,萬旱嘎玛（凤尾草）15g,煎水内服。二方:萬坝仰（夏枯草）30g,煎水内服。三方:山芝麻20g,佳丢欧里（白英）15g,煎水内服。"
R154,九子疡中期,串珠增多增大，出现疼痛，皮色暗红,冷热并病,清热解毒，散瘀止痛,"一方:珍芭沟豆（银杏）15g,萬比审（虎耳草）20g,萬丢（白折耳）20g,木芙蓉20g,煎水内服。二方:穿山甲10g,锐橄勾（谷精草）20g,萬勇更（鹿衔草）20g,煎水内服。"
R155,九子疡晚期,颈部脓肿溃烂，流黄棕色脓液,冷经冷病,"养阴，排脓解毒;散瘀消肿,补气养血","一方:加格巴茧（鲜花脸七根）63g,捣烂敷患处。二方:加格巴茧（花脸七）30g,雅尖莲（八角莲）6g,炖猪肉吃。三方:萬丢（白折耳）15g,阿梅棍（金养麦）15g,萬坝仰（夏枯草）18g,佳美勒（败酱草）20g,珍陡（茵仁米）20g,姬佳诺（阳雀花）20g,煎水内服。"
R156,蜕虫病,夜间肛门瘙痒，夜间可见蛻虫爬动,冷经冷病,杀虫止痒,"一方:嘎龚豆榴（石榴皮）20g,煎水早上空服。二方:百部适量,煎水洗肛门。"
R157,肠細虫,肚脐周围疼痛,冷经冷病,杀虫,"一方:嗟尚（大血藤）50g,煎水内服。二方:萬梗比（鹅不食草）1源,佳萬千地（小夜关门）20g,乌梅10g,煎水内服或蒸鸡内服。三方:珍陡（意茵根）20g,葛佳嘎强确（篇蓄）10g,M达赊（莺尾）6g,煎水内服。四方:珍莎（花椒）8g,豆比吼哈羌（三颗针）12g,凯（干姜）10g,乌梅10g,豆姜额（苦楝）10g,煎水内服。"
R158,月旦道蛔虫,右上腹剧烈疼痛，恶心呕吐,热经热病,杀虫、止痛,"一方:乌梅20g,珍莎（花椒）10g,豆卡欧（吴萸）10g,凯（干姜）8g,煎水内服。二方:乌梅30g,豆姜额（苦楝）20g,铁线草15g,煎水内服。三方:食醋50g,珍莎（花椒）10g,煎水内服。"
